inputs,outputs,weights,biases,activation,learning_rate,loss
6,10,"[-0.52748248 -0.6254972  -1.44377625  0.01086965 -0.16532908  0.30577231
 -1.10952478  0.57793433 -1.09537392 -0.87724905 -0.74125561  0.25043251
 -0.17424689 -0.06077393 -0.83441666  0.36446276 -0.15037753 -0.13456715
 -0.76463219  0.25702211 -1.24469223 -0.90051415 -0.42242188  0.26197869
  0.08743232  0.67200075  0.09630782  0.13306125 -1.06639243  0.54758619
 -0.24574481 -0.10989936 -0.29086396  0.15416032  0.14086708  0.13826788
  0.0343365   0.1804235  -1.03590617  0.03720824  0.94282763  0.16635104
  0.6940163  -0.01555011 -0.01929136  0.01643245  0.03354405  0.69596144
  0.57944129 -0.3065668  -0.01685386 -0.73134234  0.19277323  0.18490301
 -0.0057124   0.19762425 -1.23685551  1.21149641  0.10284881  0.00436828]","[-0.39222766 -0.82853263 -0.34296937 -1.22714832  0.35200191 -0.71006123
 -0.18384728 -0.70629185  0.81827703 -0.13407514]",LEAKYRELU,0.005,MSE
10,6,"[-0.33835601 -0.34378061 -0.47823105 -0.0513871  -0.29069635 -0.60858428
 -0.33822711  0.02046974  0.11456767  0.17367183 -0.24030623 -0.44570672
 -0.54755685 -0.36292904 -1.38138783  0.0117109  -0.47219238  0.15030639
  0.22345086  0.32302931 -1.07740192 -1.18776537 -0.85154077 -0.79735794
 -0.37987091 -1.14055897 -1.34078029 -0.30919295 -1.16785564 -0.42650581
 -0.1468788   0.13183434 -0.87526167  0.00502901  0.73916095 -0.51255728
  0.18760259 -1.14667007 -2.54773249 -0.31466456 -0.22279015  1.34868654
 -0.03817393  0.86429227  0.29846688  0.00538862  0.23742565  0.60450326
  0.59503242  0.28680066 -1.13238405 -1.06019129 -1.43179603 -0.9017977
 -1.37881618 -1.12250136 -1.17513678 -0.59023701 -0.69173429 -0.53731867]",[-0.51489094 -0.75819118 -0.84973449 -1.35059533  0.58009146 -1.01323066],LEAKYRELU,0.005,MSE
6,3,"[-2.846484   -3.55572553 -1.94199495 -0.18873088 -0.31963106 -1.81995444
 -3.70177447 -3.04598397 -1.42301749 -1.20908717 -1.90440566 -1.09318662
 -2.45823479 -1.14506659 -1.38623186 -4.19674663 -0.73834797  0.06798686]",[-0.90380424  0.39714205 -0.96538819],IDENTITY,0.005,MSE
